"evidence_id","source_role","repository_relative_path","size_bytes","sha256","verification"
"candidate_campus_parquet","verified public campus Parquet copied byte-for-byte","tmp/public-release-handoff/historical-v4-public-candidate-1/wifi_unist19_20sec_public-candidate.parquet",86326960,"825c2014cdc24e4b45e8ef358de56ab0e9ba771afe2d919d8cb76398515551f1","SHA-256 and size match the public-handoff manifest"
"candidate_district_parquet","verified public commercial-district Parquet copied byte-for-byte","tmp/public-release-handoff/historical-v4-public-candidate-1/wifi_uou20_20sec_public-candidate.parquet",33108362,"9a5332bfec515f4028c5a04945eaecd50afac452fda3a8cb23d6c461e4a5cad5","SHA-256 and size match the public-handoff manifest"
"candidate_manifest","public-handoff source manifest copied byte-for-byte","tmp/public-release-handoff/historical-v4-public-candidate-1/public_handoff_manifest.csv",1228,"38ef7bd5c1bc3615d1cd4384abd656499f50af6d97a9f07f85b0242f3fe64555","exact two-dataset manifest contract and both Parquet checksums verified"
"candidate_build_report","public-handoff source build report copied byte-for-byte","tmp/public-release-handoff/historical-v4-public-candidate-1/build_report.md",905,"f57b6c252e83145cc27d3ac28a3489bd012cf88ce15c95d7487f115d745628b6","candidate status and no-key/no-mapping boundary retained"
"candidate_verification_checks","public-handoff verification checks copied byte-for-byte","tmp/public-release-handoff/historical-v4-public-candidate-1/verification_checks.csv",2054,"cc4a207f2094b8552cbafb82ca7001cb6fe7aae4142b27edcdb2c5a7d52161e5","exact 20-check allowlist present and all checks are true"
"candidate_verification_report","public-handoff verification report copied byte-for-byte","tmp/public-release-handoff/historical-v4-public-candidate-1/verification_report.md",519,"adaf96bf50411266e06b9a7e88329ea0cc28562c16d5113893373b06fb401439","source verification result is PASS"
"campus_sensor_coordinates","campus sensor points transformed from their declared CRS to EPSG:4326","workflow/unist19_main/data/sensors.gpkg",98304,"ce114c45c662d989c13b343bf6c46695d690932c61079c8bc1c5e40dfd6b88b3","one Point layer, 24 nonempty sensors, exact public-data sensor coverage"
"district_sensor_coordinates","commercial-district sensor longitude/latitude source","workflow/uou20/output/sensors_coords.csv",1380,"66f9147edba6a6f405245166e5bf7304fcebba15e7f260b57e7249bf1344ca02","17 finite unique sensors, exact public-data sensor coverage"
"district_coordinate_crs_basis","analysis code declaring district x/y coordinates as EPSG:4326","scripts/9-2-figure3.R",27913,"0d4274ceeaf300e829d426180cd96d1434bc7b0e547ea439576fa32d1c18f99f","contains explicit st_as_sf(..., crs = 4326) assignment"
